"id";"ipadd1";"ipadd2";"isp";"bandwidth";"media";"services";"status";"ipadd_others";"vrf_name";"links_name";"sites1_id";"sites2_id";"isp_link_id";"input_date"
1;"10.112.1.2/30";"10.112.1.1/30";"Lintasarta";5000;"FO";"MPLS";1;"";"BPDDIY-BRANCH-LINTASARTA";"Pusat-Lintasarta";4;1;"";"2018-11-30 03:47:53.225845"
2;"10.115.1.2/30";"10.115.1.1/30";"ICON";5000;"FO";"MPLS";1;"";"BPDDIY-BRANCH-ICON";"Pusat-ICON";4;2;"";"2018-11-30 06:25:51.524557"
3;"10.117.1.2/30";"10.117.1.1/30";"Telkom";5000;"FO";"MPLS";1;"";"BPDDIY-BRANCH-TELKOM";"Pusat-Telkom";4;3;"";"2018-11-30 06:25:51.524557"
4;"10.117.1.22/30";"10.117.1.21/30";"Telkom";512;"FO";"MPLS";1;"";"BPDDIY-BRANCH-TELKOM";"Senopati-Telkom";10;3;"";"2018-11-30 03:47:53.225845"
5;"10.111.1.22/30";"10.111.1.21/30";"Lintasarta";512;"FO";"MPLS";1;"";"BPDDIY-BRANCH-LINTASARTA";"Senopati-Lintasarta";10;1;"";"2018-11-30 03:47:53.225845"
6;"10.111.1.202/30";"10.111.1.201/30";"Lintasarta";256;"BWA";"MPLS";1;"";"BPDDIY-BRANCH-LINTASARTA";"Kotagede-Lintasarta";60;1;"";"2018-11-30 03:47:53.225845"
7;"10.115.1.202/30";"10.115.1.201/30";"ICON";256;"FO";"MPLS";1;"";"BPDDIY-BRANCH-ICON";"Kotagede-ICON";60;2;"";"2018-11-30 03:47:53.225845"
8;"10.111.1.210/30";"10.111.1.209/30";"Lintasarta";256;"FO";"MPLS";1;"";"BPDDIY-BRANCH-LINTASARTA";"Wirobrajan-Lintasarta";63;1;"";"2018-11-30 03:47:53.225845"
9;"10.115.1.210/30";"10.115.1.209/30";"ICON";256;"FO";"MPLS";1;"";"BPDDIY-BRANCH-ICON";"Wirobrajan-ICON";63;2;"";"2018-11-30 03:47:53.225845"
10;"10.111.1.118/30";"10.111.1.117/30";"Lintasarta";128;"FO";"MPLS";1;"";"BPDDIY-BRANCH-LINTASARTA";"Manggung-Lintasarta";61;1;"";"2018-11-30 03:47:53.225845"
11;"10.115.1.118/30";"10.115.1.117/30";"ICON";256;"FO";"MPLS";1;"";"BPDDIY-BRANCH-ICON";"Manggung-ICON";61;2;"";"2018-11-30 03:47:53.225845"
12;"10.111.1.122/30";"10.111.1.121/30";"Lintasarta";128;"FO";"MPLS";1;"";"BPDDIY-BRANCH-LINTASARTA";"Bethesda-Lintasarta";13;1;"";"2018-11-30 03:47:53.225845"
13;"10.111.1.146/30";"10.111.1.145/30";"Lintasarta";256;"BWA";"MPLS";1;"";"BPDDIY-BRANCH-LINTASARTA";"Prawirotaman-Lintasarta";64;1;"";"2018-11-30 03:47:53.225845"
14;"10.117.1.146/30";"10.117.1.145/30";"Telkom";256;"FO";"MPLS";1;"";"BPDDIY-BRANCH-TELKOM";"Prawirotaman-Telkom";64;3;"";"2018-11-30 03:47:53.225845"
15;"10.111.1.158/30";"10.111.1.157/30";"Lintasarta";256;"BWA";"MPLS";1;"";"BPDDIY-BRANCH-LINTASARTA";"Nanggulan-Lintasarta";26;1;"";"2018-11-30 03:47:53.225845"
16;"10.115.1.158/30";"10.115.1.157/30";"ICON";256;"FO";"MPLS";1;"";"BPDDIY-BRANCH-ICON";"Nanggulan-ICON";26;2;"";"2018-11-30 03:47:53.225845"
17;"10.111.1.190/30";"10.111.1.189/30";"Lintasarta";256;"BWA";"MPLS";1;"";"BPDDIY-BRANCH-LINTASARTA";"Galur-Lintasarta";25;1;"";"2018-11-30 03:47:53.225845"
18;"10.115.1.190/30";"10.115.1.189/30";"ICON";256;"FO";"MPLS";1;"";"BPDDIY-BRANCH-ICON";"Galur-ICON";25;2;"";"2018-11-30 03:47:53.225845"
19;"10.111.1.222/30";"10.111.1.221/30";"Lintasarta";256;"FO";"MPLS";1;"";"BPDDIY-BRANCH-LINTASARTA";"Semin-Lintasarta";15;1;"";"2018-11-30 03:47:53.225845"
20;"10.115.1.222/30";"10.115.1.221/30";"ICON";256;"FO";"MPLS";1;"";"BPDDIY-BRANCH-ICON";"Semin-ICON";15;2;"";"2018-11-30 03:47:53.225845"
21;"10.117.6.186/30";"10.117.6.185/30";"Telkom";128;"FO";"MPLS";1;"";"BPDDIY-BRANCH-TELKOM";"DPB-Telkom";112;3;"";"2018-11-30 03:47:53.225845"
22;"10.111.1.218/30";"10.111.1.217/30";"Lintasarta";128;"BWA";"MPLS";1;"";"BPDDIY-BRANCH-LINTASARTA";"Widyamataram-Lintasarta";65;1;"";"2018-11-30 03:47:53.225845"
23;"10.115.1.238/30";"10.115.1.237/30";"ICON";256;"FO";"MPLS";1;"";"BPDDIY-BRANCH-ICON";"Playen-ICON";17;2;"";"2018-11-30 03:47:53.225845"
24;"10.117.1.238/30";"10.117.1.237/30";"Telkom";256;"FO";"MPLS";1;"";"BPDDIY-BRANCH-TELKOM";"Playen-Telkom";17;3;"";"2018-11-30 03:47:53.225845"
25;"10.111.1.230/30";"10.111.1.229/30";"Lintasarta";128;"FO";"MPLS";1;"";"BPDDIY-BRANCH-LINTASARTA";"Semanu-Lintasarta";20;1;"";"2018-11-30 03:47:53.225845"
26;"10.111.1.234/30";"10.111.1.233/30";"Lintasarta";128;"BWA";"MPLS";1;"";"BPDDIY-BRANCH-LINTASARTA";"Ponjong-Lintasarta";19;1;"";"2018-11-30 03:47:53.225845"
27;"10.115.1.54/30";"10.115.1.53/30";"ICON";128;"FO";"MPLS";1;"";"BPDDIY-BRANCH-ICON";"Dekso-ICON";31;2;"";"2018-11-30 03:47:53.225845"
28;"10.115.1.186/30";"10.115.1.185/30";"ICON";256;"FO";"MPLS";1;"";"BPDDIY-BRANCH-ICON";"Sentolo-ICON";27;2;"";"2018-11-30 03:47:53.225845"
29;"10.117.1.186/30";"10.117.1.185/30";"Telkom";256;"FO";"MPLS";1;"";"BPDDIY-BRANCH-TELKOM";"Sentolo-Telkom";27;3;"";"2018-11-30 03:47:53.225845"
30;"10.115.1.206/30";"10.115.1.205/30";"ICON";256;"FO";"MPLS";1;"";"BPDDIY-BRANCH-ICON";"Temon-ICON";28;2;"";"2018-11-30 03:47:53.225845"
31;"10.117.1.206/30";"10.117.1.205/30";"Telkom";256;"FO";"MPLS";1;"";"BPDDIY-BRANCH-TELKOM";"Temon-Telkom";28;3;"";"2018-11-30 03:47:53.225845"
32;"10.111.1.110/30";"10.111.1.109/30";"Lintasarta";256;"BWA";"MPLS";1;"";"BPDDIY-BRANCH-LINTASARTA";"Prambanan-Lintasarta";101;1;"";"2018-11-30 03:47:53.225845"
33;"10.115.1.110/30";"10.115.1.109/30";"ICON";256;"FO";"MPLS";1;"";"BPDDIY-BRANCH-ICON";"Prambanan-ICON";101;2;"";"2018-11-30 03:47:53.225845"
34;"10.111.1.38/30";"10.111.1.37/30";"Lintasarta";128;"FO";"MPLS";1;"";"BPDDIY-BRANCH-LINTASARTA";"Wonosari-Lintasarta";6;1;"";"2018-11-30 03:47:53.225845"
35;"10.117.1.38/30";"10.117.1.37/30";"Telkom";512;"FO";"MPLS";1;"";"BPDDIY-BRANCH-TELKOM";"Wonosari-Telkom";6;3;"";"2018-11-30 03:47:53.225845"
36;"10.111.1.226/30";"10.111.1.225/30";"Lintasarta";256;"FO";"MPLS";1;"";"BPDDIY-BRANCH-LINTASARTA";"Karangmojo-Lintasarta";16;1;"";"2018-11-30 03:47:53.225845"
37;"10.117.1.226/30";"10.117.1.225/30";"Telkom";256;"FO";"MPLS";1;"";"BPDDIY-BRANCH-TELKOM";"Karangmojo-Telkom";16;3;"";"2018-11-30 03:47:53.225845"
38;"10.117.1.34/30";"10.117.1.33/30";"Telkom";512;"FO";"MPLS";1;"";"BPDDIY-BRANCH-TELKOM";"Wates-Telkom";7;3;"";"2018-11-30 03:47:53.225845"
39;"10.115.1.34/30";"10.115.1.33/30";"ICON";512;"FO";"MPLS";1;"";"BPDDIY-BRANCH-ICON";"Wates-ICON";7;2;"";"2018-11-30 03:47:53.225845"
40;"10.111.5.26/30";"10.111.5.25/30";"Lintasarta";512;"BWA";"MPLS";1;"";"BPDDIY-BRANCH-LINTASARTA";"Sleman-Lintasarta";9;1;"";"2018-11-30 03:47:53.225845"
41;"10.117.5.26/30";"10.117.5.25/30";"Telkom";512;"FO";"MPLS";1;"";"BPDDIY-BRANCH-TELKOM";"Sleman-Telkom";9;3;"";"2018-11-30 03:47:53.225845"
42;"10.111.1.90/30";"10.111.1.89/30";"Lintasarta";256;"BWA";"MPLS";1;"";"BPDDIY-BRANCH-LINTASARTA";"Godean-Lintasarta";47;1;"";"2018-11-30 03:47:53.225845"
43;"10.117.1.90/30";"10.117.1.89/30";"Telkom";256;"FO";"MPLS";1;"";"BPDDIY-BRANCH-TELKOM";"Godean-Telkom";47;3;"";"2018-11-30 03:47:53.225845"
44;"10.111.1.106/30";"10.111.1.105/30";"Lintasarta";256;"BWA";"MPLS";1;"";"BPDDIY-BRANCH-LINTASARTA";"Pakem-Lintasarta";45;1;"";"2018-11-30 03:47:53.225845"
45;"10.117.1.106/30";"10.117.1.105/30";"Telkom";256;"FO";"MPLS";1;"";"BPDDIY-BRANCH-TELKOM";"Pakem-Telkom";45;3;"";"2018-11-30 03:47:53.225845"
46;"10.111.1.26/30";"10.111.1.25/30";"Lintasarta";256;"FO";"MPLS";1;"";"BPDDIY-BRANCH-LINTASARTA";"Condongcatur-Lintasarta";46;1;"";"2018-11-30 03:47:53.225845"
47;"10.117.1.26/30";"10.117.1.25/30";"Telkom";256;"FO";"MPLS";1;"";"BPDDIY-BRANCH-TELKOM";"Condongcatur-Telkom";46;3;"";"2018-11-30 03:47:53.225845"
48;"10.111.1.94/30";"10.111.1.93/30";"Lintasarta";256;"FO";"MPLS";1;"";"BPDDIY-BRANCH-LINTASARTA";"Gamping-Lintasarta";48;1;"";"2018-11-30 03:47:53.225845"
49;"10.115.1.94/30";"10.115.1.93/30";"ICON";256;"FO";"MPLS";1;"";"BPDDIY-BRANCH-ICON";"Gamping-ICON";48;2;"";"2018-11-30 03:47:53.225845"
50;"10.111.1.130/30";"10.111.1.129/30";"Lintasarta";256;"FO";"MPLS";1;"";"BPDDIY-BRANCH-LINTASARTA";"Mlati-Lintasarta";51;1;"";"2018-11-30 03:47:53.225845"
51;"10.115.1.130/30";"10.115.1.129/30";"ICON";256;"FO";"MPLS";1;"";"BPDDIY-BRANCH-ICON";"Mlati-ICON";51;2;"";"2018-11-30 03:47:53.225845"
52;"10.111.1.114/30";"10.111.1.113/30";"Lintasarta";256;"BWA";"MPLS";1;"";"BPDDIY-BRANCH-LINTASARTA";"Maguwoharjo-Lintasarta";53;1;"";"2018-11-30 03:47:53.225845"
53;"10.115.1.114/30";"10.115.1.113/30";"ICON";256;"FO";"MPLS";1;"";"BPDDIY-BRANCH-ICON";"Maguwoharjo-ICON";53;2;"";"2018-11-30 03:47:53.225845"
54;"10.111.1.214/30";"10.111.1.213/30";"Lintasarta";256;"BWA";"MPLS";1;"";"BPDDIY-BRANCH-LINTASARTA";"Ngaglik-Lintasarta";52;1;"";"2018-11-30 03:47:53.225845"
55;"10.115.1.214/30";"10.115.1.213/30";"ICON";256;"FO";"MPLS";1;"";"BPDDIY-BRANCH-ICON";"Ngaglik-ICON";52;2;"";"2018-11-30 03:47:53.225845"
56;"10.117.1.138/30";"10.117.1.137/30";"Telkom";256;"FO";"MPLS";1;"";"BPDDIY-BRANCH-TELKOM";"Tempel-Telkom";50;3;"";"2018-11-30 03:47:53.225845"
57;"10.115.1.138/30";"10.115.1.137/30";"ICON";256;"FO";"MPLS";1;"";"BPDDIY-BRANCH-ICON";"Tempel-ICON";50;2;"";"2018-11-30 03:47:53.225845"
58;"10.111.1.18/30";"10.111.1.17/30";"Lintasarta";256;"BWA";"MPLS";1;"";"BPDDIY-BRANCH-LINTASARTA";"Bantul-Lintasarta";8;1;"";"2018-11-30 03:47:53.225845"
59;"10.117.1.18/30";"10.117.1.17/30";"Telkom";256;"FO";"MPLS";1;"";"BPDDIY-BRANCH-TELKOM";"Bantul-Telkom";8;3;"";"2018-11-30 03:47:53.225845"
60;"10.111.1.170/30";"10.111.1.169/30";"Lintasarta";256;"BWA";"MPLS";1;"";"BPDDIY-BRANCH-LINTASARTA";"Imogiri-Lintasarta";34;1;"";"2018-11-30 03:47:53.225845"
61;"10.115.1.170/30";"10.115.1.169/30";"ICON";256;"FO";"MPLS";1;"";"BPDDIY-BRANCH-ICON";"Imogiri-ICON";34;2;"";"2018-11-30 03:47:53.225845"
62;"10.111.1.198/30";"10.111.1.197/30";"Lintasarta";256;"BWA";"MPLS";1;"";"BPDDIY-BRANCH-LINTASARTA";"Piyungan-Lintasarta";33;1;"";"2018-11-30 03:47:53.225845"
63;"10.115.1.198/30";"10.115.1.197/30";"ICON";256;"FO";"MPLS";1;"";"BPDDIY-BRANCH-ICON";"Piyungan-ICON";33;2;"";"2018-11-30 03:47:53.225845"
64;"10.111.1.42/30";"10.111.1.41/30";"Lintasarta";256;"BWA";"MPLS";1;"";"BPDDIY-BRANCH-LINTASARTA";"Sewon-Lintasarta";37;1;"";"2018-11-30 03:47:53.225845"
65;"10.115.1.194/30";"10.115.1.193/30";"ICON";256;"FO";"MPLS";1;"";"BPDDIY-BRANCH-ICON";"Srandakan-ICON";36;2;"";"2018-11-30 03:47:53.225845"
66;"10.117.1.194/30";"10.117.1.193/30";"Telkom";256;"FO";"MPLS";1;"";"BPDDIY-BRANCH-TELKOM";"Srandakan-Telkom";36;3;"";"2018-11-30 03:47:53.225845"
67;"10.111.1.30/30";"10.111.1.29/30";"Lintasarta";256;"FO";"MPLS";1;"";"BPDDIY-BRANCH-LINTASARTA";"Malioboro-Lintasarta";11;1;"";"2018-11-30 03:47:53.225845"
68;"10.117.1.30/30";"10.117.1.29/30";"Telkom";256;"FO";"MPLS";1;"";"BPDDIY-BRANCH-TELKOM";"Malioboro-Telkom";11;3;"";"2018-11-30 03:47:53.225845"
69;"10.111.1.246/30";"10.111.1.245/30";"Lintasarta";128;"FO";"MPLS";1;"";"BPDDIY-BRANCH-LINTASARTA";"Sardjito-Lintasarta";72;1;"";"2018-11-30 03:47:53.225845"
70;"10.115.1.246/30";"10.115.1.245/30";"ICON";128;"FO";"MPLS";1;"";"BPDDIY-BRANCH-ICON";"Sardjito-ICON";72;2;"";"2018-11-30 03:47:53.225845"
71;"10.111.1.78/30";"10.111.1.77/30";"Lintasarta";128;"BWA";"MPLS";1;"";"BPDDIY-BRANCH-LINTASARTA";"Parasamya-Lintasarta";42;1;"";"2018-11-30 03:47:53.225845"
72;"10.111.1.50/30";"10.111.1.49/30";"Lintasarta";256;"FO";"MPLS";1;"";"BPDDIY-BRANCH-LINTASARTA";"Bendungan-Lintasarta";30;1;"";"2018-11-30 03:47:53.225845"
73;"10.111.1.126/30";"10.111.1.125/30";"Lintasarta";128;"FO";"MPLS";1;"";"BPDDIY-BRANCH-LINTASARTA";"Lempuyangan-Lintasarta";14;1;"";"2018-11-30 03:47:53.225845"
74;"10.111.1.166/30";"10.111.1.165/30";"Lintasarta";256;"BWA";"MPLS";1;"";"BPDDIY-BRANCH-LINTASARTA";"Pleret-Lintasarta";41;1;"";"2018-11-30 03:47:53.225845"
75;"10.115.1.166/30";"10.115.1.165/30";"ICON";256;"FO";"MPLS";1;"";"BPDDIY-BRANCH-ICON";"Pleret-ICON";41;2;"";"2018-11-30 03:47:53.225845"
76;"10.111.1.174/30";"10.111.1.173/30";"Lintasarta";128;"BWA";"MPLS";1;"";"BPDDIY-BRANCH-LINTASARTA";"Kretek-Lintasarta";40;1;"";"2018-11-30 03:47:53.225845"
77;"10.115.1.174/30";"10.115.1.173/30";"ICON";256;"FO";"MPLS";1;"";"BPDDIY-BRANCH-ICON";"Kretek-ICON";40;2;"";"2018-11-30 03:47:53.225845"
78;"10.111.1.182/30";"10.111.1.181/30";"Lintasarta";256;"BWA";"MPLS";1;"";"BPDDIY-BRANCH-LINTASARTA";"Sedayu-Lintasarta";39;1;"";"2018-11-30 03:47:53.225845"
79;"10.115.1.182/30";"10.115.1.181/30";"ICON";256;"FO";"MPLS";1;"";"BPDDIY-BRANCH-ICON";"Sedayu-ICON";39;2;"";"2018-11-30 03:47:53.225845"
80;"10.115.1.46/30";"10.115.1.45/30";"ICON";128;"FO";"MPLS";1;"";"BPDDIY-BRANCH-ICON";"Binangun-ICON";32;2;"";"2018-11-30 03:47:53.225845"
81;"10.111.1.154/30";"10.111.1.153/30";"Lintasarta";128;"FO";"MPLS";1;"";"BPDDIY-BRANCH-LINTASARTA";"Moyudan-Lintasarta";55;1;"";"2018-11-30 03:47:53.225845"
82;"10.111.1.142/30";"10.111.1.141/30";"Lintasarta";128;"BWA";"MPLS";1;"";"BPDDIY-BRANCH-LINTASARTA";"Turi-Lintasarta";54;1;"";"2018-11-30 03:47:53.225845"
83;"10.111.1.150/30";"10.111.1.149/30";"Lintasarta";128;"BWA";"MPLS";1;"";"BPDDIY-BRANCH-LINTASARTA";"Ngemplak-Lintasarta";57;1;"";"2018-11-30 03:47:53.225845"
84;"10.111.1.178/30";"10.111.1.177/30";"Lintasarta";128;"BWA";"MPLS";1;"";"BPDDIY-BRANCH-LINTASARTA";"Sanden-Lintasarta";43;1;"";"2018-11-30 03:47:53.225845"
85;"10.111.1.10/30";"10.111.1.9/30";"Lintasarta";128;"BWA";"MPLS";1;"";"BPDDIY-BRANCH-LINTASARTA";"RSUD Kota-Lintasarta";62;1;"";"2018-11-30 03:47:53.225845"
86;"10.111.1.6/30";"10.111.1.5/30";"Lintasarta";128;"BWA";"MPLS";1;"";"BPDDIY-BRANCH-LINTASARTA";"Sembada-Lintasarta";59;1;"";"2018-11-30 03:47:53.225845"
87;"10.111.1.134/30";"10.111.1.133/30";"Lintasarta";128;"ADSL";"MPLS";1;"";"BPDDIY-BRANCH-LINTASARTA";"Sayegan-Lintasarta";56;1;"";"2018-11-30 03:47:53.225845"
88;"10.115.1.162/30";"10.115.1.161/30";"ICON";128;"FO";"MPLS";1;"";"BPDDIY-BRANCH-ICON";"Balaikota-ICON";66;2;"";"2018-11-30 03:47:53.225845"
89;"10.111.1.14/30";"10.111.1.13/30";"Lintasarta";128;"BWA";"MPLS";1;"";"BPDDIY-BRANCH-LINTASARTA";"Gabusan-Lintasarta";38;1;"";"2018-11-30 03:47:53.225845"
90;"10.111.1.58/30";"10.111.1.57/30";"Lintasarta";128;"BWA";"MPLS";1;"";"BPDDIY-BRANCH-LINTASARTA";"Gedongkuning-Lintasarta";68;1;"";"2018-11-30 03:47:53.225845"
91;"10.111.1.62/30";"10.111.1.61/30";"Lintasarta";128;"BWA";"MPLS";1;"";"BPDDIY-BRANCH-LINTASARTA";"Giwangan-Lintasarta";67;1;"";"2018-11-30 03:47:53.225845"
92;"10.111.1.66/30";"10.111.1.65/30";"Lintasarta";128;"FO";"MPLS";1;"";"BPDDIY-BRANCH-LINTASARTA";"Tlagareja-Lintasarta";69;1;"";"2018-11-30 03:47:53.225845"
93;"10.111.1.70/30";"10.111.1.69/30";"Lintasarta";128;"BWA";"MPLS";1;"";"BPDDIY-BRANCH-LINTASARTA";"Sendangadi-Lintasarta";70;1;"";"2018-11-30 03:47:53.225845"
94;"10.111.1.74/30";"10.111.1.73/30";"Lintasarta";128;"BWA";"MPLS";1;"";"BPDDIY-BRANCH-LINTASARTA";"RSUD Sleman-Lintasarta";49;1;"";"2018-11-30 03:47:53.225845"
95;"10.111.1.86/30";"10.111.1.85/30";"Lintasarta";128;"BWA";"MPLS";1;"";"BPDDIY-BRANCH-LINTASARTA";"Patuk-Lintasarta";22;1;"";"2018-11-30 03:47:53.225845"
96;"10.115.1.98/30";"10.115.1.97/30";"ICON";128;"FO";"MPLS";1;"";"BPDDIY-BRANCH-ICON";"Paliyan-ICON";23;2;"";"2018-11-30 03:47:53.225845"
97;"10.115.1.102/30";"10.115.1.101/30";"ICON";256;"FO";"MPLS";1;"";"BPDDIY-BRANCH-ICON";"Nglipar-ICON";21;2;"";"2018-11-30 03:47:53.225845"
98;"10.117.1.102/30";"10.117.1.101/30";"Telkom";256;"FO";"MPLS";1;"";"BPDDIY-BRANCH-TELKOM";"Nglipar-Telkom";21;3;"";"2018-11-30 03:47:53.225845"
99;"10.111.1.242/30";"10.111.1.241/30";"Lintasarta";128;"BWA";"MPLS";1;"";"BPDDIY-BRANCH-LINTASARTA";"Berbah-Lintasarta";58;1;"";"2018-11-30 03:47:53.225845"
100;"10.115.1.242/30";"10.115.1.241/30";"ICON";256;"FO";"MPLS";1;"";"BPDDIY-BRANCH-ICON";"Berbah-ICON";58;2;"";"2018-11-30 03:47:53.225845"
101;"10.111.1.250/30";"10.111.1.249/30";"Lintasarta";128;"BWA";"MPLS";1;"";"BPDDIY-BRANCH-LINTASARTA";"RSUD Bantul-Lintasarta";35;1;"";"2018-11-30 03:47:53.225845"
102;"10.111.1.254/30";"10.111.1.253/30";"Lintasarta";128;"FO";"MPLS";1;"";"BPDDIY-BRANCH-LINTASARTA";"UNY-Lintasarta";71;1;"";"2018-11-30 03:47:53.225845"
103;"10.111.1.82/30";"10.111.1.81/30";"Lintasarta";128;"FO";"MPLS";1;"";"BPDDIY-BRANCH-LINTASARTA";"Palagan-Lintasarta";73;1;"";"2018-11-30 03:47:53.225845"
104;"10.117.5.2/30";"10.117.5.1/30";"Telkom";512;"FO";"MPLS";1;"";"BPDDIY-BRANCH-TELKOM";"Syariah-Telkom";145;3;"";"2018-11-30 03:47:53.225845"
105;"10.111.5.2/30";"10.111.5.1/30";"Lintasarta";512;"FO";"MPLS";1;"";"BPDDIY-BRANCH-LINTASARTA";"Syariah-Lintasarta";145;1;"";"2018-11-30 03:47:53.225845"
106;"10.117.6.218/30";"10.117.6.217/30";"Telkom";128;"FO";"MPLS";1;"";"BPDDIY-BRANCH-TELKOM";"UPTSA Wonosari 1-Telkom";24;3;"";"2018-11-30 03:47:53.225845"
107;"10.111.5.10/30";"10.111.5.9/30";"Lintasarta";128;"FO";"MPLS";1;"";"BPDDIY-BRANCH-LINTASARTA";"DJP DIY-Lintasarta";74;1;"";"2018-11-30 03:47:53.225845"
108;"10.111.5.14/30";"10.111.5.13/30";"Lintasarta";128;"BWA";"MPLS";1;"";"BPDDIY-BRANCH-LINTASARTA";"Baturetno-Lintasarta";75;1;"";"2018-11-30 03:47:53.225845"
109;"10.111.5.18/30";"10.111.5.17/30";"Lintasarta";128;"FO";"MPLS";1;"";"BPDDIY-BRANCH-LINTASARTA";"UPN-Lintasarta";12;1;"";"2018-11-30 03:47:53.225845"
110;"10.111.5.22/30";"10.111.5.21/30";"Lintasarta";128;"BWA";"MPLS";1;"";"BPDDIY-BRANCH-LINTASARTA";"KPP Bantul-Lintasarta";82;1;"";"2018-11-30 03:47:53.225845"
111;"10.115.5.30/30";"10.115.5.29/30";"ICON";128;"FO";"MPLS";1;"";"BPDDIY-BRANCH-ICON";"Pengasih-ICON";76;2;"";"2018-11-30 03:47:53.225845"
112;"10.111.5.238/30";"10.111.5.237/30";"Lintasarta";128;"BWA";"MPLS";1;"";"BPDDIY-BRANCH-LINTASARTA";"Kasongan-Lintasarta";89;1;"";"2018-11-30 03:47:53.225845"
113;"10.115.6.162/30";"10.115.6.161/30";"ICON";128;"FO";"MPLS";1;"";"BPDDIY-BRANCH-ICON";"Yap-ICON";137;2;"";"2018-11-30 03:47:53.225845"
114;"10.111.5.42/30";"10.111.5.41/30";"Lintasarta";128;"FO";"MPLS";1;"";"BPDDIY-BRANCH-LINTASARTA";"RSUD Wates-Lintasarta";29;1;"";"2018-11-30 03:47:53.225845"
115;"10.115.5.46/30";"10.115.5.45/30";"ICON";128;"FO";"MPLS";1;"";"BPDDIY-BRANCH-ICON";"Panggang-ICON";86;2;"";"2018-11-30 03:47:53.225845"
116;"10.115.6.170/30";"10.115.6.169/30";"ICON";128;"FO";"MPLS";1;"";"BPDDIY-BRANCH-ICON";"UII-ICON";153;2;"";"2018-11-30 03:47:53.225845"
117;"10.111.6.170/30";"10.111.6.169/30";"Lintasarta";128;"FO";"MPLS";1;"";"BPDDIY-BRANCH-LINTASARTA";"UII-Lintasarta";153;1;"";"2018-11-30 03:47:53.225845"
118;"10.111.5.54/30";"10.111.5.53/30";"Lintasarta";128;"BWA";"MPLS";1;"";"BPDDIY-BRANCH-LINTASARTA";"AMC-Lintasarta";146;1;"";"2018-11-30 03:47:53.225845"
119;"10.111.6.10/30";"10.111.6.9/30";"Lintasarta";128;"FO";"MPLS";1;"";"BPDDIY-BRANCH-LINTASARTA";"UGM-Lintasarta";93;1;"";"2018-11-30 03:47:53.225845"
120;"10.111.5.62/30";"10.111.5.61/30";"Lintasarta";128;"FO";"MPLS";1;"";"BPDDIY-BRANCH-LINTASARTA";"Beringharjo-Lintasarta";87;1;"";"2018-11-30 03:47:53.225845"
121;"172.16.80.0/24";"172.16.80.1/24";"Lintasarta";128;"FO";"MPLS";1;"";"BPDDIY-BRANCH-LINTASARTA";"BATAN-Lintasarta";120;1;"";"2018-11-30 03:47:53.225845"
122;"10.111.5.70/30";"10.111.5.69/30";"Lintasarta";128;"ADSL";"MPLS";1;"";"BPDDIY-BRANCH-LINTASARTA";"RSUD Wonosari-Lintasarta";18;1;"";"2018-11-30 03:47:53.225845"
123;"10.117.5.74/30";"10.117.5.73/30";"Telkom";256;"FO";"MPLS";1;"";"BPDDIY-BRANCH-TELKOM";"Rongkop-Telkom";88;3;"";"2018-11-30 03:47:53.225845"
124;"10.115.5.74/30";"10.115.5.73/30";"ICON";256;"FO";"MPLS";1;"";"BPDDIY-BRANCH-ICON";"Rongkop-ICON";88;2;"";"2018-11-30 03:47:53.225845"
125;"10.115.5.78/30";"10.115.5.77/30";"ICON";128;"FO";"MPLS";1;"";"BPDDIY-BRANCH-ICON";"KPP Wates-ICON";90;2;"";"2018-11-30 03:47:53.225845"
126;"10.111.5.82/30";"10.111.5.81/30";"Lintasarta";128;"BWA";"MPLS";1;"";"BPDDIY-BRANCH-LINTASARTA";"UKDW-Lintasarta";91;1;"";"2018-11-30 03:47:53.225845"
127;"10.111.5.142/30";"10.111.5.141/30";"Lintasarta";128;"FO";"MPLS";1;"";"BPDDIY-BRANCH-LINTASARTA";"KPP Yogyakarta-Lintasarta";92;1;"";"2018-11-30 03:47:53.225845"
128;"10.111.5.162/30";"10.111.5.161/30";"Lintasarta";128;"FO";"MPLS";1;"";"BPDDIY-BRANCH-LINTASARTA";"GKN-Lintasarta";94;1;"";"2018-11-30 03:47:53.225845"
129;"10.111.5.166/30";"10.111.5.165/30";"Lintasarta";128;"ADSL";"MPLS";1;"";"BPDDIY-BRANCH-LINTASARTA";"Krapyak-Lintasarta";147;1;"";"2018-11-30 03:47:53.225845"
130;"10.111.5.170/30";"10.111.5.169/30";"Lintasarta";256;"BWA";"MPLS";1;"";"BPDDIY-BRANCH-LINTASARTA";"Kusumanegara-Lintasarta";148;1;"";"2018-11-30 03:47:53.225845"
131;"10.115.5.170/30";"10.115.5.169/30";"ICON";256;"FO";"MPLS";1;"";"BPDDIY-BRANCH-ICON";"Kusumanegara-ICON";148;2;"";"2018-11-30 03:47:53.225845"
132;"10.111.5.174/30";"10.111.5.173/30";"Lintasarta";128;"BWA";"MPLS";1;"";"BPDDIY-BRANCH-LINTASARTA";"Sidoarum-Lintasarta";95;1;"";"2018-11-30 03:47:53.225845"
133;"10.115.5.178/30";"10.115.5.177/30";"ICON";128;"FO";"MPLS";1;"";"BPDDIY-BRANCH-ICON";"Tepus-ICON";96;2;"";"2018-11-30 03:47:53.225845"
134;"10.115.5.182/30";"10.115.5.181/30";"ICON";128;"FO";"MPLS";1;"";"BPDDIY-BRANCH-ICON";"Ngawen-ICON";97;2;"";"2018-11-30 03:47:53.225845"
135;"10.111.5.186/30";"10.111.5.185/30";"Lintasarta";256;"BWA";"MPLS";1;"";"BPDDIY-BRANCH-LINTASARTA";"Kalasan-Lintasarta";44;1;"";"2018-11-30 03:47:53.225845"
136;"10.117.5.186/30";"10.117.5.185/30";"Telkom";256;"FO";"MPLS";1;"";"BPDDIY-BRANCH-TELKOM";"Kalasan-Telkom";44;3;"";"2018-11-30 03:47:53.225845"
137;"10.111.5.190/30";"10.111.5.189/30";"Lintasarta";128;"BWA";"MPLS";1;"";"BPDDIY-BRANCH-LINTASARTA";"Pandak-Lintasarta";98;1;"";"2018-11-30 03:47:53.225845"
138;"10.111.5.194/30";"10.111.5.193/30";"Lintasarta";128;"BWA";"MPLS";1;"";"BPDDIY-BRANCH-LINTASARTA";"Pundong-Lintasarta";99;1;"";"2018-11-30 03:47:53.225845"
139;"10.115.5.198/30";"10.115.5.197/30";"ICON";128;"FO";"MPLS";1;"";"BPDDIY-BRANCH-ICON";"Lendah-ICON";100;2;"";"2018-11-30 03:47:53.225845"
140;"10.111.5.202/30";"10.111.5.201/30";"Lintasarta";128;"BWA";"MPLS";1;"";"BPDDIY-BRANCH-LINTASARTA";"Bambanglipuro-Lintasarta";102;1;"";"2018-11-30 03:47:53.225845"
141;"10.115.5.246/30";"10.115.5.245/30";"ICON";128;"FO";"MPLS";1;"";"BPDDIY-BRANCH-ICON";"Kokap-ICON";103;2;"";"2018-11-30 03:47:53.225845"
142;"10.115.6.2/30";"10.115.6.1/30";"ICON";128;"FO";"MPLS";1;"";"BPDDIY-BRANCH-ICON";"Girisubo-ICON";104;2;"";"2018-11-30 03:47:53.225845"
143;"10.115.6.6/30";"10.115.6.5/30";"ICON";128;"FO";"MPLS";1;"";"BPDDIY-BRANCH-ICON";"Cangkringan-ICON";105;2;"";"2018-11-30 03:47:53.225845"
144;"10.111.5.158/30";"10.111.5.157/30";"Lintasarta";128;"FO";"MPLS";1;"";"BPDDIY-BRANCH-LINTASARTA";"UIN-Lintasarta";106;1;"";"2018-11-30 03:47:53.225845"
145;"10.115.6.26/30";"10.115.6.25/30";"ICON";128;"FO";"MPLS";1;"";"BPDDIY-BRANCH-ICON";"Samigaluh-ICON";107;2;"";"2018-11-30 03:47:53.225845"
146;"10.115.6.30/30";"10.115.6.29/30";"ICON";128;"FO";"MPLS";1;"";"BPDDIY-BRANCH-ICON";"Jetis-ICON";108;2;"";"2018-11-30 03:47:53.225845"
147;"10.115.6.34/30";"10.115.6.33/30";"ICON";128;"FO";"MPLS";1;"";"BPDDIY-BRANCH-ICON";"Panjatan-ICON";109;2;"";"2018-11-30 03:47:53.225845"
148;"10.111.6.38/30";"10.111.6.37/30";"Lintasarta";128;"BWA";"MPLS";1;"";"BPDDIY-BRANCH-LINTASARTA";"UMY-Lintasarta";150;1;"";"2018-11-30 03:47:53.225845"
149;"10.117.6.38/30";"10.117.6.37/30";"Telkom";128;"FO";"MPLS";1;"";"BPDDIY-BRANCH-TELKOM";"UMY-Telkom";150;3;"";"2018-11-30 03:47:53.225845"
150;"10.111.6.46/30";"10.111.6.45/30";"Lintasarta";128;"BWA";"MPLS";1;"";"BPDDIY-BRANCH-LINTASARTA";"UAD-Lintasarta";156;1;"";"2018-11-30 03:47:53.225845"
151;"10.115.6.58/30";"10.115.6.57/30";"ICON";128;"FO";"MPLS";1;"";"BPDDIY-BRANCH-ICON";"Dlingo-ICON";127;2;"";"2018-11-30 03:47:53.225845"
152;"10.115.6.62/30";"10.115.6.61/30";"ICON";128;"FO";"MPLS";1;"";"BPDDIY-BRANCH-ICON";"Minggir-ICON";129;2;"";"2018-11-30 03:47:53.225845"
153;"10.115.6.66/30";"10.115.6.65/30";"ICON";128;"FO";"MPLS";1;"";"BPDDIY-BRANCH-ICON";"AM Sangaji-ICON";131;2;"";"2018-11-30 03:47:53.225845"
154;"10.115.6.70/30";"10.115.6.69/30";"ICON";256;"FO";"MPLS";1;"";"BPDDIY-BRANCH-ICON";"Wonosari Syariah-ICON";151;2;"";"2018-11-30 03:47:53.225845"
155;"10.117.6.70/30";"10.117.6.69/30";"Telkom";256;"FO";"MPLS";1;"";"BPDDIY-BRANCH-TELKOM";"Wonosari Syariah-Telkom";151;3;"";"2018-11-30 03:47:53.225845"
156;"10.111.6.74/30";"10.111.6.73/30";"Lintasarta";128;"ADSL";"MPLS";1;"";"BPDDIY-BRANCH-LINTASARTA";"Argosari-Lintasarta";119;1;"";"2018-11-30 03:47:53.225845"
157;"10.111.6.78/30";"10.111.6.77/30";"Lintasarta";128;"ADSL";"MPLS";1;"";"BPDDIY-BRANCH-LINTASARTA";"KPP Wonosari-Lintasarta";113;1;"";"2018-11-30 03:47:53.225845"
158;"10.111.6.118/30";"10.111.6.117/30";"Lintasarta";128;"BWA";"MPLS";1;"";"BPDDIY-BRANCH-LINTASARTA";"UAD5-Lintasarta";157;1;"";"2018-11-30 03:47:53.225845"
159;"10.111.6.122/30";"10.111.6.121/30";"Lintasarta";128;"BWA";"MPLS";1;"";"BPDDIY-BRANCH-LINTASARTA";"Pajangan-Lintasarta";134;1;"";"2018-11-30 03:47:53.225845"
160;"10.115.6.126/30";"10.115.6.125/30";"ICON";128;"FO";"MPLS";1;"";"BPDDIY-BRANCH-ICON";"Pantirapih-ICON";135;2;"";"2018-11-30 03:47:53.225845"
161;"10.111.6.130/30";"10.111.6.129/30";"Lintasarta";128;"BWA";"MPLS";1;"";"BPDDIY-BRANCH-LINTASARTA";"Instiper-Lintasarta";81;1;"";"2018-11-30 03:47:53.225845"
162;"10.111.6.142/30";"10.111.6.141/30";"Lintasarta";128;"BWA";"MPLS";1;"";"BPDDIY-BRANCH-LINTASARTA";"Taspen-Lintasarta";133;1;"";"2018-11-30 03:47:53.225845"
163;"10.115.6.150/30";"10.115.6.149/30";"ICON";128;"FO";"MPLS";1;"";"BPDDIY-BRANCH-ICON";"PASTY-ICON";158;2;"";"2018-11-30 03:47:53.225845"
164;"10.115.6.154/30";"10.115.6.153/30";"ICON";128;"FO";"MPLS";1;"";"BPDDIY-BRANCH-ICON";"Tugu Pensil-ICON";136;2;"";"2018-11-30 03:47:53.225845"
165;"10.111.6.158/30";"10.111.6.157/30";"Lintasarta";128;"BWA";"MPLS";1;"";"BPDDIY-BRANCH-LINTASARTA";"UMB-Lintasarta";83;1;"";"2018-11-30 03:47:53.225845"
166;"10.115.6.174/30";"10.115.6.173/30";"ICON";128;"FO";"MPLS";1;"";"BPDDIY-BRANCH-ICON";"KPPD Kulon Progo-ICON";84;2;"";"2018-11-30 03:47:53.225845"
167;"10.111.6.194/30";"10.111.6.193/30";"Lintasarta";128;"BWA";"MPLS";1;"";"BPDDIY-BRANCH-LINTASARTA";"UST-Lintasarta";138;1;"";"2018-11-30 03:47:53.225845"
168;"10.115.6.214/30";"10.115.6.213/30";"ICON";128;"FO";"MPLS";1;"";"BPDDIY-BRANCH-ICON";"RSUD Prambanan-ICON";130;2;"";"2018-11-30 03:47:53.225845"
169;"10.117.5.6/30";"10.117.5.5/30";"Telkom";128;"FO";"MPLS";1;"";"BPDDIY-BRANCH-TELKOM";"UPTSA Wonosari 2-Telkom";154;3;"";"2018-11-30 03:47:53.225845"
170;"10.115.6.238/30";"10.115.6.237/30";"ICON";128;"FO";"MPLS";1;"";"BPDDIY-BRANCH-ICON";"Pantirini-ICON";160;2;"";"2018-11-30 03:47:53.225845"
171;"10.115.6.134/30";"10.115.6.133/30";"ICON";128;"FO";"MPLS";1;"";"BPDDIY-BRANCH-ICON";"Girimulyo-ICON";159;2;"";"2018-11-30 03:47:53.225845"
172;"10.115.5.126/30";"10.115.5.125/30";"ICON";128;"FO";"MPLS";1;"";"BPDDIY-BRANCH-ICON";"Akprind-ICON";139;2;"";"2018-11-30 03:47:53.225845"
173;"10.117.5.130/30";"10.117.5.129/30";"Telkom";128;"FO";"MPLS";1;"";"BPDDIY-BRANCH-TELKOM";"UTY-Telkom";140;3;"";"2018-11-30 03:47:53.225845"
174;"10.115.5.134/30";"10.115.5.133/30";"ICON";128;"FO";"MPLS";1;"";"BPDDIY-BRANCH-ICON";"RS Pratama-ICON";141;2;"";"2018-11-30 03:47:53.225845"
